source,timestamp,hand_idx,landmark_0_x,landmark_0_y,landmark_0_z,landmark_1_x,landmark_1_y,landmark_1_z,landmark_2_x,landmark_2_y,landmark_2_z,landmark_3_x,landmark_3_y,landmark_3_z,landmark_4_x,landmark_4_y,landmark_4_z,landmark_5_x,landmark_5_y,landmark_5_z,landmark_6_x,landmark_6_y,landmark_6_z,landmark_7_x,landmark_7_y,landmark_7_z,landmark_8_x,landmark_8_y,landmark_8_z,landmark_9_x,landmark_9_y,landmark_9_z,landmark_10_x,landmark_10_y,landmark_10_z,landmark_11_x,landmark_11_y,landmark_11_z,landmark_12_x,landmark_12_y,landmark_12_z,landmark_13_x,landmark_13_y,landmark_13_z,landmark_14_x,landmark_14_y,landmark_14_z,landmark_15_x,landmark_15_y,landmark_15_z,landmark_16_x,landmark_16_y,landmark_16_z,landmark_17_x,landmark_17_y,landmark_17_z,landmark_18_x,landmark_18_y,landmark_18_z,landmark_19_x,landmark_19_y,landmark_19_z,landmark_20_x,landmark_20_y,landmark_20_z
realsense,1741301157.2688386,0,-0.0626804530620575,0.38128554821014404,8.731589105082094e-07,-0.011339157819747925,0.5095048546791077,-0.04103585332632065,0.06576491892337799,0.6026313304901123,-0.059098854660987854,0.1339101344347,0.6631630659103394,-0.0749976709485054,0.19231872260570526,0.7170218229293823,-0.09096220880746841,0.2115601748228073,0.47826558351516724,-0.029348330572247505,0.31939488649368286,0.5116854906082153,-0.05586043372750282,0.3859005570411682,0.5288463830947876,-0.07847780734300613,0.44280922412872314,0.5400962233543396,-0.09559256583452225,0.21715234220027924,0.3910781443119049,-0.033272694796323776,0.3368695378303528,0.4130891263484955,-0.05872064828872681,0.41096803545951843,0.4276542365550995,-0.08274389803409576,0.47015321254730225,0.4385790228843689,-0.10042301565408707,0.19410443305969238,0.30925771594047546,-0.043365541845560074,0.3097038269042969,0.3023641109466553,-0.07504169642925262,0.38107872009277344,0.30272161960601807,-0.10118736326694489,0.44211864471435547,0.30601832270622253,-0.11826072633266449,0.14695164561271667,0.2310439795255661,-0.05680975317955017,0.23087874054908752,0.18410366773605347,-0.09117808938026428,0.2891143262386322,0.15150907635688782,-0.11010212451219559,0.3461745083332062,0.12723931670188904,-0.12136930227279663
realsense,1741301157.3299103,0,-0.06527295708656311,0.3771415650844574,8.905333857001096e-07,-0.013706028461456299,0.5063859224319458,-0.04543084278702736,0.06485335528850555,0.597659707069397,-0.06364648789167404,0.13430997729301453,0.6552527546882629,-0.07899319380521774,0.1944745033979416,0.7103085517883301,-0.09437976777553558,0.20808131992816925,0.4628336727619171,-0.025625793263316154,0.31260567903518677,0.4972778260707855,-0.05030345916748047,0.37765204906463623,0.5133546590805054,-0.07336869835853577,0.43397170305252075,0.5238548517227173,-0.09163592755794525,0.2130187451839447,0.3790327310562134,-0.02801823429763317,0.3334224820137024,0.404295414686203,-0.05220494419336319,0.4076307415962219,0.4228939116001129,-0.07785714417695999,0.46904540061950684,0.4375198483467102,-0.09757087379693985,0.1894029825925827,0.3000558018684387,-0.03774496167898178,0.3070300221443176,0.29737159609794617,-0.0706743597984314,0.3795614242553711,0.30267152190208435,-0.10113423317670822,0.4421931505203247,0.30921030044555664,-0.12152717262506485,0.14289525151252747,0.22331881523132324,-0.05112205073237419,0.2294771671295166,0.17795729637145996,-0.08818431198596954,0.28795677423477173,0.14543932676315308,-0.1111888587474823,0.3462689518928528,0.11967578530311584,-0.12606170773506165
realsense,1741301157.3786309,0,-0.07824523746967316,0.372893750667572,8.295572229144454e-07,-0.012945368885993958,0.49463674426078796,-0.0306610818952322,0.07292917370796204,0.5674333572387695,-0.04348089173436165,0.14708776772022247,0.6220293641090393,-0.05724402889609337,0.20849941670894623,0.6824102401733398,-0.07193087786436081,0.20100456476211548,0.42953383922576904,-0.0030975777190178633,0.30619901418685913,0.45161303877830505,-0.026876693591475487,0.36495769023895264,0.47368124127388,-0.05109487846493721,0.4173775911331177,0.49811607599258423,-0.06961853802204132,0.20131906867027283,0.3564445972442627,-0.011809704825282097,0.31574326753616333,0.371881365776062,-0.03263003006577492,0.3841380476951599,0.3953590393066406,-0.05782419443130493,0.4404831528663635,0.4224742352962494,-0.07762712240219116,0.17657995223999023,0.2867494225502014,-0.027975674718618393,0.28870314359664917,0.28429508209228516,-0.05476034805178642,0.3582186996936798,0.30336257815361023,-0.07877898961305618,0.4185856282711029,0.3301682472229004,-0.09568799287080765,0.13175223767757416,0.21578073501586914,-0.04766606539487839,0.22079087793827057,0.19131609797477722,-0.07640933990478516,0.2813854217529297,0.18690207600593567,-0.09289871901273727,0.342130184173584,0.19338692724704742,-0.1041826531291008
realsense,1741301157.4417474,0,0.3343391418457031,0.3446999788284302,3.702194248944579e-07,0.29122793674468994,0.29233190417289734,-0.043521881103515625,0.2695208489894867,0.22204729914665222,-0.07290934771299362,0.2637960910797119,0.15808379650115967,-0.0968705415725708,0.252435564994812,0.0956442728638649,-0.12230055779218674,0.3393873870372772,0.17378555238246918,-0.07381018251180649,0.36287790536880493,0.08340484648942947,-0.10932131856679916,0.38117778301239014,0.027290955185890198,-0.13353337347507477,0.3991261124610901,-0.01887442171573639,-0.1509912759065628,0.37668415904045105,0.19769825041294098,-0.07304750382900238,0.40608617663383484,0.11662623286247253,-0.10589912533760071,0.42520660161972046,0.06886013597249985,-0.1276034563779831,0.4455394744873047,0.02738739550113678,-0.14434285461902618,0.4054781198501587,0.23633162677288055,-0.07521270215511322,0.44306209683418274,0.16326700150966644,-0.1070411205291748,0.469603955745697,0.1143425926566124,-0.12467575073242188,0.4946836829185486,0.07232320308685303,-0.1376974880695343,0.42743295431137085,0.286760151386261,-0.08022677153348923,0.466317355632782,0.2432316094636917,-0.1089516133069992,0.49244949221611023,0.21305739879608154,-0.12217794358730316,0.5169645547866821,0.18357187509536743,-0.13189929723739624
realsense,1741301157.4417474,1,-0.08025048673152924,0.3710325062274933,7.501453183067497e-07,-0.01331685483455658,0.4736677408218384,-0.03248559683561325,0.07742974162101746,0.537528395652771,-0.044849641621112823,0.15338926017284393,0.579729437828064,-0.05777917429804802,0.21782198548316956,0.6311066150665283,-0.07054302096366882,0.1894157975912094,0.41262176632881165,0.002639237092807889,0.28818050026893616,0.4348706603050232,-0.023792164400219917,0.34293338656425476,0.4580361843109131,-0.050320446491241455,0.3928512930870056,0.48760363459587097,-0.06986363977193832,0.18812060356140137,0.34572991728782654,-0.003015901893377304,0.2907096743583679,0.36084064841270447,-0.026616588234901428,0.3495735228061676,0.3848642408847809,-0.051733341068029404,0.4019402861595154,0.4192727208137512,-0.07047830522060394,0.16535703837871552,0.28353506326675415,-0.016925513744354248,0.2637763023376465,0.28986531496047974,-0.0444767102599144,0.3249673843383789,0.31005430221557617,-0.06416231393814087,0.3818454146385193,0.3418505787849426,-0.07747771590948105,0.12425433844327927,0.22104308009147644,-0.035040780901908875,0.20228447020053864,0.21927669644355774,-0.061260491609573364,0.25455617904663086,0.23235683143138885,-0.07352887094020844,0.30858200788497925,0.25667351484298706,-0.0815732404589653
realsense,1741301157.4417474,0,0.3343391418457031,0.3446999788284302,3.702194248944579e-07,0.29122793674468994,0.29233190417289734,-0.043521881103515625,0.2695208489894867,0.22204729914665222,-0.07290934771299362,0.2637960910797119,0.15808379650115967,-0.0968705415725708,0.252435564994812,0.0956442728638649,-0.12230055779218674,0.3393873870372772,0.17378555238246918,-0.07381018251180649,0.36287790536880493,0.08340484648942947,-0.10932131856679916,0.38117778301239014,0.027290955185890198,-0.13353337347507477,0.3991261124610901,-0.01887442171573639,-0.1509912759065628,0.37668415904045105,0.19769825041294098,-0.07304750382900238,0.40608617663383484,0.11662623286247253,-0.10589912533760071,0.42520660161972046,0.06886013597249985,-0.1276034563779831,0.4455394744873047,0.02738739550113678,-0.14434285461902618,0.4054781198501587,0.23633162677288055,-0.07521270215511322,0.44306209683418274,0.16326700150966644,-0.1070411205291748,0.469603955745697,0.1143425926566124,-0.12467575073242188,0.4946836829185486,0.07232320308685303,-0.1376974880695343,0.42743295431137085,0.286760151386261,-0.08022677153348923,0.466317355632782,0.2432316094636917,-0.1089516133069992,0.49244949221611023,0.21305739879608154,-0.12217794358730316,0.5169645547866821,0.18357187509536743,-0.13189929723739624
realsense,1741301157.4417474,1,-0.08025048673152924,0.3710325062274933,7.501453183067497e-07,-0.01331685483455658,0.4736677408218384,-0.03248559683561325,0.07742974162101746,0.537528395652771,-0.044849641621112823,0.15338926017284393,0.579729437828064,-0.05777917429804802,0.21782198548316956,0.6311066150665283,-0.07054302096366882,0.1894157975912094,0.41262176632881165,0.002639237092807889,0.28818050026893616,0.4348706603050232,-0.023792164400219917,0.34293338656425476,0.4580361843109131,-0.050320446491241455,0.3928512930870056,0.48760363459587097,-0.06986363977193832,0.18812060356140137,0.34572991728782654,-0.003015901893377304,0.2907096743583679,0.36084064841270447,-0.026616588234901428,0.3495735228061676,0.3848642408847809,-0.051733341068029404,0.4019402861595154,0.4192727208137512,-0.07047830522060394,0.16535703837871552,0.28353506326675415,-0.016925513744354248,0.2637763023376465,0.28986531496047974,-0.0444767102599144,0.3249673843383789,0.31005430221557617,-0.06416231393814087,0.3818454146385193,0.3418505787849426,-0.07747771590948105,0.12425433844327927,0.22104308009147644,-0.035040780901908875,0.20228447020053864,0.21927669644355774,-0.061260491609573364,0.25455617904663086,0.23235683143138885,-0.07352887094020844,0.30858200788497925,0.25667351484298706,-0.0815732404589653
realsense,1741301157.4907482,0,0.3117162585258484,0.3714965581893921,3.7294756793926354e-07,0.2782455086708069,0.30793702602386475,-0.031912896782159805,0.26733940839767456,0.23142006993293762,-0.05125301703810692,0.26446333527565,0.16536441445350647,-0.06713231652975082,0.2562533915042877,0.10550402849912643,-0.08295149356126785,0.34365135431289673,0.17597158253192902,-0.03820088133215904,0.3633468449115753,0.09492234885692596,-0.06459137052297592,0.37959831953048706,0.043800175189971924,-0.08491034805774689,0.396054208278656,0.0006521642208099365,-0.09990189969539642,0.3805435597896576,0.19880753755569458,-0.040167149156332016,0.40819433331489563,0.12573692202568054,-0.06500650197267532,0.42583194375038147,0.07795809209346771,-0.08342018723487854,0.44169896841049194,0.034581318497657776,-0.09667523205280304,0.40654507279396057,0.23652906715869904,-0.04589642211794853,0.4451327919960022,0.170833557844162,-0.07333185523748398,0.47161638736724854,0.12257885187864304,-0.08807612210512161,0.4945996403694153,0.07630749046802521,-0.09763126075267792,0.4241195023059845,0.28563588857650757,-0.053767260164022446,0.4648166000843048,0.24617300927639008,-0.07959349453449249,0.49199989438056946,0.2171134352684021,-0.08978085219860077,0.5160588026046753,0.18498548865318298,-0.09576854854822159
realsense,1741301157.4907482,1,-0.08354534208774567,0.3376774191856384,5.774793976343062e-07,-0.009801894426345825,0.43047136068344116,-0.024333780631422997,0.08418460935354233,0.4863881766796112,-0.03515005484223366,0.16130875051021576,0.5061497092247009,-0.048557668924331665,0.2294800579547882,0.529029369354248,-0.061188194900751114,0.17399531602859497,0.3937341868877411,0.009361238218843937,0.2549472451210022,0.4168107807636261,-0.019614843651652336,0.2889024615287781,0.4555281698703766,-0.048177022486925125,0.3125954270362854,0.4955962598323822,-0.06873945146799088,0.1695973128080368,0.3318755030632019,0.001327069359831512,0.26603415608406067,0.3447814881801605,-0.03460102155804634,0.29604506492614746,0.3970280587673187,-0.06778132915496826,0.3127182722091675,0.45409291982650757,-0.08866823464632034,0.14984144270420074,0.2703191936016083,-0.01356494054198265,0.2489452064037323,0.2781296968460083,-0.05741756409406662,0.27628806233406067,0.34243983030319214,-0.08431586623191833,0.28702080249786377,0.41160789132118225,-0.09787695854902267,0.11287994682788849,0.2120441049337387,-0.030444499105215073,0.1766398847103119,0.2549400329589844,-0.07273001968860626,0.20283372700214386,0.3140242397785187,-0.09417787194252014,0.22009524703025818,0.3754589855670929,-0.10548070073127747
realsense,1741301157.4907482,0,0.3117162585258484,0.3714965581893921,3.7294756793926354e-07,0.2782455086708069,0.30793702602386475,-0.031912896782159805,0.26733940839767456,0.23142006993293762,-0.05125301703810692,0.26446333527565,0.16536441445350647,-0.06713231652975082,0.2562533915042877,0.10550402849912643,-0.08295149356126785,0.34365135431289673,0.17597158253192902,-0.03820088133215904,0.3633468449115753,0.09492234885692596,-0.06459137052297592,0.37959831953048706,0.043800175189971924,-0.08491034805774689,0.396054208278656,0.0006521642208099365,-0.09990189969539642,0.3805435597896576,0.19880753755569458,-0.040167149156332016,0.40819433331489563,0.12573692202568054,-0.06500650197267532,0.42583194375038147,0.07795809209346771,-0.08342018723487854,0.44169896841049194,0.034581318497657776,-0.09667523205280304,0.40654507279396057,0.23652906715869904,-0.04589642211794853,0.4451327919960022,0.170833557844162,-0.07333185523748398,0.47161638736724854,0.12257885187864304,-0.08807612210512161,0.4945996403694153,0.07630749046802521,-0.09763126075267792,0.4241195023059845,0.28563588857650757,-0.053767260164022446,0.4648166000843048,0.24617300927639008,-0.07959349453449249,0.49199989438056946,0.2171134352684021,-0.08978085219860077,0.5160588026046753,0.18498548865318298,-0.09576854854822159
realsense,1741301157.4907482,1,-0.08354534208774567,0.3376774191856384,5.774793976343062e-07,-0.009801894426345825,0.43047136068344116,-0.024333780631422997,0.08418460935354233,0.4863881766796112,-0.03515005484223366,0.16130875051021576,0.5061497092247009,-0.048557668924331665,0.2294800579547882,0.529029369354248,-0.061188194900751114,0.17399531602859497,0.3937341868877411,0.009361238218843937,0.2549472451210022,0.4168107807636261,-0.019614843651652336,0.2889024615287781,0.4555281698703766,-0.048177022486925125,0.3125954270362854,0.4955962598323822,-0.06873945146799088,0.1695973128080368,0.3318755030632019,0.001327069359831512,0.26603415608406067,0.3447814881801605,-0.03460102155804634,0.29604506492614746,0.3970280587673187,-0.06778132915496826,0.3127182722091675,0.45409291982650757,-0.08866823464632034,0.14984144270420074,0.2703191936016083,-0.01356494054198265,0.2489452064037323,0.2781296968460083,-0.05741756409406662,0.27628806233406067,0.34243983030319214,-0.08431586623191833,0.28702080249786377,0.41160789132118225,-0.09787695854902267,0.11287994682788849,0.2120441049337387,-0.030444499105215073,0.1766398847103119,0.2549400329589844,-0.07273001968860626,0.20283372700214386,0.3140242397785187,-0.09417787194252014,0.22009524703025818,0.3754589855670929,-0.10548070073127747
realsense,1741301157.5351412,0,0.31446322798728943,0.37791067361831665,3.5746538173953013e-07,0.2771289348602295,0.31325438618659973,-0.030304966494441032,0.2656480073928833,0.23372627794742584,-0.04908241331577301,0.2643093466758728,0.16620215773582458,-0.06464704871177673,0.25608447194099426,0.1085546538233757,-0.080275759100914,0.3419478237628937,0.18116480112075806,-0.0358564555644989,0.3617044985294342,0.09890884906053543,-0.059089891612529755,0.3775612711906433,0.04853576421737671,-0.07686804234981537,0.39378464221954346,0.006534367799758911,-0.09020747244358063,0.37825366854667664,0.20336072146892548,-0.037065841257572174,0.40518033504486084,0.12830425798892975,-0.05886165797710419,0.42065101861953735,0.08431673049926758,-0.07470346987247467,0.4336005449295044,0.04685091972351074,-0.086076520383358,0.40542078018188477,0.24023675918579102,-0.04174976050853729,0.4445182681083679,0.17187944054603577,-0.06549519300460815,0.47026166319847107,0.12470704317092896,-0.07865530252456665,0.49268999695777893,0.08097042143344879,-0.08757206797599792,0.4246087074279785,0.2879069745540619,-0.04842701926827431,0.46643689274787903,0.246515691280365,-0.0704602599143982,0.49357104301452637,0.21807777881622314,-0.07914629578590393,0.5176563262939453,0.18841552734375,-0.08456797152757645
realsense,1741301157.5351412,1,-0.07924355566501617,0.30314648151397705,5.397554900810064e-07,-0.00916239619255066,0.4078802764415741,-0.0321178212761879,0.0829567164182663,0.4641079902648926,-0.04456619173288345,0.16219553351402283,0.47142526507377625,-0.05882353335618973,0.23325923085212708,0.4888433814048767,-0.07238873094320297,0.16313864290714264,0.38219889998435974,0.012305227108299732,0.23446115851402283,0.4072147607803345,-0.014746356755495071,0.26257383823394775,0.43962162733078003,-0.0442533940076828,0.2851482927799225,0.47147056460380554,-0.06779679656028748,0.1596584916114807,0.3198148012161255,0.007521329913288355,0.24560116231441498,0.34161365032196045,-0.02927064709365368,0.26854294538497925,0.388855516910553,-0.06901267915964127,0.28450489044189453,0.4393483102321625,-0.0966167226433754,0.1431114375591278,0.2582394480705261,-0.00539275910705328,0.2329404354095459,0.27616724371910095,-0.05193350464105606,0.2532995939254761,0.3357815444469452,-0.08788640052080154,0.2562187910079956,0.39956408739089966,-0.10857677459716797,0.11065030097961426,0.201237291097641,-0.020824076607823372,0.1692039519548416,0.25421780347824097,-0.06590117514133453,0.1914684772491455,0.3145003914833069,-0.09587942063808441,0.2048506736755371,0.3751111924648285,-0.11512164026498795
realsense,1741301157.536595,0,0.31446322798728943,0.37791067361831665,3.5746538173953013e-07,0.2771289348602295,0.31325438618659973,-0.030304966494441032,0.2656480073928833,0.23372627794742584,-0.04908241331577301,0.2643093466758728,0.16620215773582458,-0.06464704871177673,0.25608447194099426,0.1085546538233757,-0.080275759100914,0.3419478237628937,0.18116480112075806,-0.0358564555644989,0.3617044985294342,0.09890884906053543,-0.059089891612529755,0.3775612711906433,0.04853576421737671,-0.07686804234981537,0.39378464221954346,0.006534367799758911,-0.09020747244358063,0.37825366854667664,0.20336072146892548,-0.037065841257572174,0.40518033504486084,0.12830425798892975,-0.05886165797710419,0.42065101861953735,0.08431673049926758,-0.07470346987247467,0.4336005449295044,0.04685091972351074,-0.086076520383358,0.40542078018188477,0.24023675918579102,-0.04174976050853729,0.4445182681083679,0.17187944054603577,-0.06549519300460815,0.47026166319847107,0.12470704317092896,-0.07865530252456665,0.49268999695777893,0.08097042143344879,-0.08757206797599792,0.4246087074279785,0.2879069745540619,-0.04842701926827431,0.46643689274787903,0.246515691280365,-0.0704602599143982,0.49357104301452637,0.21807777881622314,-0.07914629578590393,0.5176563262939453,0.18841552734375,-0.08456797152757645
realsense,1741301157.536595,1,-0.07924355566501617,0.30314648151397705,5.397554900810064e-07,-0.00916239619255066,0.4078802764415741,-0.0321178212761879,0.0829567164182663,0.4641079902648926,-0.04456619173288345,0.16219553351402283,0.47142526507377625,-0.05882353335618973,0.23325923085212708,0.4888433814048767,-0.07238873094320297,0.16313864290714264,0.38219889998435974,0.012305227108299732,0.23446115851402283,0.4072147607803345,-0.014746356755495071,0.26257383823394775,0.43962162733078003,-0.0442533940076828,0.2851482927799225,0.47147056460380554,-0.06779679656028748,0.1596584916114807,0.3198148012161255,0.007521329913288355,0.24560116231441498,0.34161365032196045,-0.02927064709365368,0.26854294538497925,0.388855516910553,-0.06901267915964127,0.28450489044189453,0.4393483102321625,-0.0966167226433754,0.1431114375591278,0.2582394480705261,-0.00539275910705328,0.2329404354095459,0.27616724371910095,-0.05193350464105606,0.2532995939254761,0.3357815444469452,-0.08788640052080154,0.2562187910079956,0.39956408739089966,-0.10857677459716797,0.11065030097961426,0.201237291097641,-0.020824076607823372,0.1692039519548416,0.25421780347824097,-0.06590117514133453,0.1914684772491455,0.3145003914833069,-0.09587942063808441,0.2048506736755371,0.3751111924648285,-0.11512164026498795
realsense,1741301157.5814633,0,0.30725961923599243,0.3965185582637787,3.3276123190262297e-07,0.26815953850746155,0.3269772529602051,-0.02497286908328533,0.2633390426635742,0.23875407874584198,-0.03674042597413063,0.26754921674728394,0.1686725914478302,-0.04640064015984535,0.25852617621421814,0.11432062834501266,-0.056025803089141846,0.3421768546104431,0.18925444781780243,-0.019356606528162956,0.36104005575180054,0.10989125072956085,-0.037936072796583176,0.3761061728000641,0.059800997376441956,-0.05408399924635887,0.3913913667201996,0.018901392817497253,-0.06653347611427307,0.37887701392173767,0.21058496832847595,-0.022160129621624947,0.40630218386650085,0.133744478225708,-0.03923541679978371,0.4238455593585968,0.08548271656036377,-0.054854441434144974,0.43885332345962524,0.044594988226890564,-0.06615650653839111,0.4062626361846924,0.2467452883720398,-0.028699606657028198,0.4463920295238495,0.17695435881614685,-0.04974877089262009,0.47240033745765686,0.12866941094398499,-0.06391377747058868,0.49496275186538696,0.0838041603565216,-0.07339562475681305,0.42482149600982666,0.2947947084903717,-0.037039659917354584,0.46778222918510437,0.2544213831424713,-0.05681106448173523,0.4949018061161041,0.22495321929454803,-0.0653354749083519,0.518813967704773,0.1943029910326004,-0.07069419324398041
realsense,1741301157.5814633,1,-0.08814194798469543,0.30766212940216064,5.016564728066442e-07,-0.015930846333503723,0.3997604548931122,-0.02736600674688816,0.0729890763759613,0.44278132915496826,-0.03861280530691147,0.14835187792778015,0.4482499361038208,-0.053411442786455154,0.21781547367572784,0.4628896415233612,-0.06755110621452332,0.1359206736087799,0.3574866056442261,0.009236635640263557,0.2073962390422821,0.370251327753067,-0.022343523800373077,0.23245929181575775,0.4110591411590576,-0.052353888750076294,0.2483687549829483,0.4522162079811096,-0.07405728101730347,0.1313757449388504,0.30628064274787903,0.0024852638598531485,0.21537336707115173,0.32111719250679016,-0.03553509712219238,0.23484833538532257,0.3746156096458435,-0.07212506234645844,0.24373406171798706,0.4289233684539795,-0.09666932374238968,0.11462017148733139,0.25334155559539795,-0.011832429096102715,0.19735273718833923,0.2731016278266907,-0.05587365850806236,0.20819762349128723,0.34068310260772705,-0.0861155241727829,0.20088841021060944,0.40499570965766907,-0.10231348127126694,0.08448493480682373,0.20259670913219452,-0.028850426897406578,0.13899467885494232,0.2497348189353943,-0.06963435560464859,0.1540292501449585,0.31380826234817505,-0.0956074595451355,0.15710273385047913,0.3747018575668335,-0.1117718517780304
realsense,1741301157.5814633,0,0.30725961923599243,0.3965185582637787,3.3276123190262297e-07,0.26815953850746155,0.3269772529602051,-0.02497286908328533,0.2633390426635742,0.23875407874584198,-0.03674042597413063,0.26754921674728394,0.1686725914478302,-0.04640064015984535,0.25852617621421814,0.11432062834501266,-0.056025803089141846,0.3421768546104431,0.18925444781780243,-0.019356606528162956,0.36104005575180054,0.10989125072956085,-0.037936072796583176,0.3761061728000641,0.059800997376441956,-0.05408399924635887,0.3913913667201996,0.018901392817497253,-0.06653347611427307,0.37887701392173767,0.21058496832847595,-0.022160129621624947,0.40630218386650085,0.133744478225708,-0.03923541679978371,0.4238455593585968,0.08548271656036377,-0.054854441434144974,0.43885332345962524,0.044594988226890564,-0.06615650653839111,0.4062626361846924,0.2467452883720398,-0.028699606657028198,0.4463920295238495,0.17695435881614685,-0.04974877089262009,0.47240033745765686,0.12866941094398499,-0.06391377747058868,0.49496275186538696,0.0838041603565216,-0.07339562475681305,0.42482149600982666,0.2947947084903717,-0.037039659917354584,0.46778222918510437,0.2544213831424713,-0.05681106448173523,0.4949018061161041,0.22495321929454803,-0.0653354749083519,0.518813967704773,0.1943029910326004,-0.07069419324398041
realsense,1741301157.5814633,1,-0.08814194798469543,0.30766212940216064,5.016564728066442e-07,-0.015930846333503723,0.3997604548931122,-0.02736600674688816,0.0729890763759613,0.44278132915496826,-0.03861280530691147,0.14835187792778015,0.4482499361038208,-0.053411442786455154,0.21781547367572784,0.4628896415233612,-0.06755110621452332,0.1359206736087799,0.3574866056442261,0.009236635640263557,0.2073962390422821,0.370251327753067,-0.022343523800373077,0.23245929181575775,0.4110591411590576,-0.052353888750076294,0.2483687549829483,0.4522162079811096,-0.07405728101730347,0.1313757449388504,0.30628064274787903,0.0024852638598531485,0.21537336707115173,0.32111719250679016,-0.03553509712219238,0.23484833538532257,0.3746156096458435,-0.07212506234645844,0.24373406171798706,0.4289233684539795,-0.09666932374238968,0.11462017148733139,0.25334155559539795,-0.011832429096102715,0.19735273718833923,0.2731016278266907,-0.05587365850806236,0.20819762349128723,0.34068310260772705,-0.0861155241727829,0.20088841021060944,0.40499570965766907,-0.10231348127126694,0.08448493480682373,0.20259670913219452,-0.028850426897406578,0.13899467885494232,0.2497348189353943,-0.06963435560464859,0.1540292501449585,0.31380826234817505,-0.0956074595451355,0.15710273385047913,0.3747018575668335,-0.1117718517780304
realsense,1741301157.6315365,0,0.3063349425792694,0.4026140570640564,2.9614921004395e-07,0.2689305543899536,0.3306787610054016,-0.026029659435153008,0.2622775435447693,0.24351482093334198,-0.03842247277498245,0.26564088463783264,0.1734708547592163,-0.04867962747812271,0.25769537687301636,0.1187506914138794,-0.0586005300283432,0.34159228205680847,0.1936846375465393,-0.01841292716562748,0.3613832890987396,0.11176637560129166,-0.03610365837812424,0.377027302980423,0.06256815791130066,-0.05150599032640457,0.3932008743286133,0.021450549364089966,-0.06386106461286545,0.37844401597976685,0.2146589159965515,-0.020065756514668465,0.4041009843349457,0.13986745476722717,-0.03659937530755997,0.4176017642021179,0.0957711786031723,-0.050949472934007645,0.4283008277416229,0.05917155742645264,-0.06174027919769287,0.40581047534942627,0.24971003830432892,-0.025815892964601517,0.44466689229011536,0.1808547079563141,-0.0460565946996212,0.46983933448791504,0.13289743661880493,-0.05876108631491661,0.49245989322662354,0.08921507000923157,-0.06777038425207138,0.4244288206100464,0.29591450095176697,-0.03361954540014267,0.4655537009239197,0.25613993406295776,-0.052826762199401855,0.4922833740711212,0.22811052203178406,-0.06085231900215149,0.5169568657875061,0.19930852949619293,-0.06623931229114532
realsense,1741301157.6315365,1,-0.09027856588363647,0.29700809717178345,5.315246198733803e-07,-0.02004195749759674,0.388997346162796,-0.02214992232620716,0.06406956166028976,0.4325942397117615,-0.03347129747271538,0.13539357483386993,0.43996572494506836,-0.04847963899374008,0.1995287835597992,0.45636433362960815,-0.06331527233123779,0.12125840038061142,0.3488660454750061,-3.4055745345540345e-05,0.18656516075134277,0.35690200328826904,-0.035035669803619385,0.2135787159204483,0.3971714377403259,-0.0639154464006424,0.23046937584877014,0.4395982325077057,-0.08295974135398865,0.11667445302009583,0.30022943019866943,-0.0083839762955904,0.1964661031961441,0.31410786509513855,-0.0476970449090004,0.21872931718826294,0.3702087700366974,-0.07695590704679489,0.22744745016098022,0.4264410436153412,-0.09442956000566483,0.09839777648448944,0.2508135437965393,-0.023261381313204765,0.17411568760871887,0.27482759952545166,-0.06709402799606323,0.18353047966957092,0.3441108167171478,-0.08763118833303452,0.17772072553634644,0.4088899791240692,-0.09560401737689972,0.06654050946235657,0.20317193865776062,-0.04045373573899269,0.11779779940843582,0.24794656038284302,-0.07941637933254242,0.13068707287311554,0.3135930299758911,-0.09776783734560013,0.13272422552108765,0.37602871656417847,-0.10660474002361298
realsense,1741301157.6315365,0,0.3063349425792694,0.4026140570640564,2.9614921004395e-07,0.2689305543899536,0.3306787610054016,-0.026029659435153008,0.2622775435447693,0.24351482093334198,-0.03842247277498245,0.26564088463783264,0.1734708547592163,-0.04867962747812271,0.25769537687301636,0.1187506914138794,-0.0586005300283432,0.34159228205680847,0.1936846375465393,-0.01841292716562748,0.3613832890987396,0.11176637560129166,-0.03610365837812424,0.377027302980423,0.06256815791130066,-0.05150599032640457,0.3932008743286133,0.021450549364089966,-0.06386106461286545,0.37844401597976685,0.2146589159965515,-0.020065756514668465,0.4041009843349457,0.13986745476722717,-0.03659937530755997,0.4176017642021179,0.0957711786031723,-0.050949472934007645,0.4283008277416229,0.05917155742645264,-0.06174027919769287,0.40581047534942627,0.24971003830432892,-0.025815892964601517,0.44466689229011536,0.1808547079563141,-0.0460565946996212,0.46983933448791504,0.13289743661880493,-0.05876108631491661,0.49245989322662354,0.08921507000923157,-0.06777038425207138,0.4244288206100464,0.29591450095176697,-0.03361954540014267,0.4655537009239197,0.25613993406295776,-0.052826762199401855,0.4922833740711212,0.22811052203178406,-0.06085231900215149,0.5169568657875061,0.19930852949619293,-0.06623931229114532
realsense,1741301157.6315365,1,-0.09027856588363647,0.29700809717178345,5.315246198733803e-07,-0.02004195749759674,0.388997346162796,-0.02214992232620716,0.06406956166028976,0.4325942397117615,-0.03347129747271538,0.13539357483386993,0.43996572494506836,-0.04847963899374008,0.1995287835597992,0.45636433362960815,-0.06331527233123779,0.12125840038061142,0.3488660454750061,-3.4055745345540345e-05,0.18656516075134277,0.35690200328826904,-0.035035669803619385,0.2135787159204483,0.3971714377403259,-0.0639154464006424,0.23046937584877014,0.4395982325077057,-0.08295974135398865,0.11667445302009583,0.30022943019866943,-0.0083839762955904,0.1964661031961441,0.31410786509513855,-0.0476970449090004,0.21872931718826294,0.3702087700366974,-0.07695590704679489,0.22744745016098022,0.4264410436153412,-0.09442956000566483,0.09839777648448944,0.2508135437965393,-0.023261381313204765,0.17411568760871887,0.27482759952545166,-0.06709402799606323,0.18353047966957092,0.3441108167171478,-0.08763118833303452,0.17772072553634644,0.4088899791240692,-0.09560401737689972,0.06654050946235657,0.20317193865776062,-0.04045373573899269,0.11779779940843582,0.24794656038284302,-0.07941637933254242,0.13068707287311554,0.3135930299758911,-0.09776783734560013,0.13272422552108765,0.37602871656417847,-0.10660474002361298
realsense,1741301157.6765702,0,0.305003821849823,0.41694432497024536,3.1165183145276387e-07,0.2687649130821228,0.3410128951072693,-0.02536596916615963,0.2619483768939972,0.252047061920166,-0.037284642457962036,0.264228492975235,0.1791754961013794,-0.04749417304992676,0.2571011483669281,0.1218096911907196,-0.05718718841671944,0.34314000606536865,0.2040042281150818,-0.013621553778648376,0.3621855676174164,0.12261896580457687,-0.03008732944726944,0.37684857845306396,0.07412135601043701,-0.045094989240169525,0.3921962380409241,0.03385385870933533,-0.057014044374227524,0.3795793652534485,0.2250409573316574,-0.015852104872465134,0.40585029125213623,0.14736662805080414,-0.03050786815583706,0.42114579677581787,0.09965457022190094,-0.04446797072887421,0.4341582655906677,0.05957311391830444,-0.05509527772665024,0.40671873092651367,0.2601357698440552,-0.022461066022515297,0.4463702440261841,0.19067493081092834,-0.041228074580430984,0.47116512060165405,0.1432841718196869,-0.053396616131067276,0.49330049753189087,0.10014629364013672,-0.06203851103782654,0.42535609006881714,0.3060644268989563,-0.03126564249396324,0.46590879559516907,0.26507946848869324,-0.049043428152799606,0.4921097755432129,0.2365017682313919,-0.056222546845674515,0.5165950655937195,0.20775993168354034,-0.06103359907865524
realsense,1741301157.6765702,1,-0.10472017526626587,0.27765193581581116,4.2528301946731517e-07,-0.035690173506736755,0.3764970600605011,-0.021043192595243454,0.04390784725546837,0.4220634698867798,-0.03305405005812645,0.11011112481355667,0.4339277744293213,-0.04775875061750412,0.16719451546669006,0.45493289828300476,-0.06286490708589554,0.10113303363323212,0.35151299834251404,-0.008432170376181602,0.156027153134346,0.3651416301727295,-0.040620919317007065,0.17949408292770386,0.39767658710479736,-0.06697720289230347,0.19756224751472473,0.4324859082698822,-0.08541076630353928,0.0927823930978775,0.3015191853046417,-0.016458015888929367,0.15819016098976135,0.3181959092617035,-0.05356970801949501,0.1759830117225647,0.3705238997936249,-0.07943496853113174,0.18537531793117523,0.4241202473640442,-0.09544803947210312,0.07049974799156189,0.25396788120269775,-0.02988213673233986,0.13043098151683807,0.2758893370628357,-0.07094791531562805,0.1371718943119049,0.33877235651016235,-0.0894477441906929,0.13302677869796753,0.4003638029098511,-0.09712958335876465,0.035443879663944244,0.21191230416297913,-0.045280229300260544,0.07564632594585419,0.2499276101589203,-0.08082360774278641,0.0873098149895668,0.308856338262558,-0.09739425033330917,0.09231463819742203,0.3669225573539734,-0.1059931144118309
realsense,1741301157.6765702,0,0.305003821849823,0.41694432497024536,3.1165183145276387e-07,0.2687649130821228,0.3410128951072693,-0.02536596916615963,0.2619483768939972,0.252047061920166,-0.037284642457962036,0.264228492975235,0.1791754961013794,-0.04749417304992676,0.2571011483669281,0.1218096911907196,-0.05718718841671944,0.34314000606536865,0.2040042281150818,-0.013621553778648376,0.3621855676174164,0.12261896580457687,-0.03008732944726944,0.37684857845306396,0.07412135601043701,-0.045094989240169525,0.3921962380409241,0.03385385870933533,-0.057014044374227524,0.3795793652534485,0.2250409573316574,-0.015852104872465134,0.40585029125213623,0.14736662805080414,-0.03050786815583706,0.42114579677581787,0.09965457022190094,-0.04446797072887421,0.4341582655906677,0.05957311391830444,-0.05509527772665024,0.40671873092651367,0.2601357698440552,-0.022461066022515297,0.4463702440261841,0.19067493081092834,-0.041228074580430984,0.47116512060165405,0.1432841718196869,-0.053396616131067276,0.49330049753189087,0.10014629364013672,-0.06203851103782654,0.42535609006881714,0.3060644268989563,-0.03126564249396324,0.46590879559516907,0.26507946848869324,-0.049043428152799606,0.4921097755432129,0.2365017682313919,-0.056222546845674515,0.5165950655937195,0.20775993168354034,-0.06103359907865524
realsense,1741301157.6765702,1,-0.10472017526626587,0.27765193581581116,4.2528301946731517e-07,-0.035690173506736755,0.3764970600605011,-0.021043192595243454,0.04390784725546837,0.4220634698867798,-0.03305405005812645,0.11011112481355667,0.4339277744293213,-0.04775875061750412,0.16719451546669006,0.45493289828300476,-0.06286490708589554,0.10113303363323212,0.35151299834251404,-0.008432170376181602,0.156027153134346,0.3651416301727295,-0.040620919317007065,0.17949408292770386,0.39767658710479736,-0.06697720289230347,0.19756224751472473,0.4324859082698822,-0.08541076630353928,0.0927823930978775,0.3015191853046417,-0.016458015888929367,0.15819016098976135,0.3181959092617035,-0.05356970801949501,0.1759830117225647,0.3705238997936249,-0.07943496853113174,0.18537531793117523,0.4241202473640442,-0.09544803947210312,0.07049974799156189,0.25396788120269775,-0.02988213673233986,0.13043098151683807,0.2758893370628357,-0.07094791531562805,0.1371718943119049,0.33877235651016235,-0.0894477441906929,0.13302677869796753,0.4003638029098511,-0.09712958335876465,0.035443879663944244,0.21191230416297913,-0.045280229300260544,0.07564632594585419,0.2499276101589203,-0.08082360774278641,0.0873098149895668,0.308856338262558,-0.09739425033330917,0.09231463819742203,0.3669225573539734,-0.1059931144118309
realsense,1741301157.725207,0,0.30315274000167847,0.42627251148223877,2.9079927799102734e-07,0.26683956384658813,0.3508918285369873,-0.027093898504972458,0.26048776507377625,0.2610839605331421,-0.04041023924946785,0.2643750309944153,0.1862560659646988,-0.052042797207832336,0.2582772374153137,0.12568852305412292,-0.06297969818115234,0.3411450982093811,0.21316368877887726,-0.014259878545999527,0.361334890127182,0.13054203987121582,-0.031269848346710205,0.3765433728694916,0.08233816921710968,-0.04609187692403793,0.3923652172088623,0.04302249848842621,-0.057762183248996735,0.37703630328178406,0.23484154045581818,-0.01618623174726963,0.4028934836387634,0.15795594453811646,-0.03178057819604874,0.4149603843688965,0.11140219867229462,-0.04476537927985191,0.4249083399772644,0.07290196418762207,-0.054458990693092346,0.4042094647884369,0.26947563886642456,-0.023012682795524597,0.4438060522079468,0.1986149251461029,-0.04192309081554413,0.4681680500507355,0.14986088871955872,-0.05268825218081474,0.49022388458251953,0.10653650760650635,-0.06046354025602341,0.4232264757156372,0.3145974278450012,-0.032394714653491974,0.4638393521308899,0.2723422944545746,-0.050102073699235916,0.490312784910202,0.24290551245212555,-0.05688774958252907,0.5151087045669556,0.21384704113006592,-0.06155587360262871
realsense,1741301157.725207,1,-0.10285560041666031,0.3098490536212921,4.996762186237902e-07,-0.03626643121242523,0.38820406794548035,-0.013442459516227245,0.03894536942243576,0.42306533455848694,-0.024317122995853424,0.09484779834747314,0.4308227002620697,-0.03851274400949478,0.14457783102989197,0.44980740547180176,-0.053892843425273895,0.09437648952007294,0.32571494579315186,-0.014261990785598755,0.14286381006240845,0.33676591515541077,-0.0488087460398674,0.16140654683113098,0.381874680519104,-0.0763029009103775,0.17035269737243652,0.4291554391384125,-0.09364795684814453,0.07963740080595016,0.27932119369506836,-0.02594812959432602,0.1387227475643158,0.2972838878631592,-0.06084249168634415,0.15253078937530518,0.359125018119812,-0.08379748463630676,0.15378856658935547,0.4188706874847412,-0.09756376594305038,0.04930806905031204,0.24205949902534485,-0.0414019413292408,0.10299444943666458,0.2618679106235504,-0.07923457771539688,0.11012139916419983,0.329841673374176,-0.09511946886777878,0.10396313667297363,0.39244505763053894,-0.10122538357973099,0.006471697241067886,0.21629008650779724,-0.05800139904022217,0.04839876666665077,0.2455708086490631,-0.09069325774908066,0.060741670429706573,0.30633410811424255,-0.10328803956508636,0.06144080311059952,0.3648833930492401,-0.10865216702222824
realsense,1741301157.725207,0,0.30315274000167847,0.42627251148223877,2.9079927799102734e-07,0.26683956384658813,0.3508918285369873,-0.027093898504972458,0.26048776507377625,0.2610839605331421,-0.04041023924946785,0.2643750309944153,0.1862560659646988,-0.052042797207832336,0.2582772374153137,0.12568852305412292,-0.06297969818115234,0.3411450982093811,0.21316368877887726,-0.014259878545999527,0.361334890127182,0.13054203987121582,-0.031269848346710205,0.3765433728694916,0.08233816921710968,-0.04609187692403793,0.3923652172088623,0.04302249848842621,-0.057762183248996735,0.37703630328178406,0.23484154045581818,-0.01618623174726963,0.4028934836387634,0.15795594453811646,-0.03178057819604874,0.4149603843688965,0.11140219867229462,-0.04476537927985191,0.4249083399772644,0.07290196418762207,-0.054458990693092346,0.4042094647884369,0.26947563886642456,-0.023012682795524597,0.4438060522079468,0.1986149251461029,-0.04192309081554413,0.4681680500507355,0.14986088871955872,-0.05268825218081474,0.49022388458251953,0.10653650760650635,-0.06046354025602341,0.4232264757156372,0.3145974278450012,-0.032394714653491974,0.4638393521308899,0.2723422944545746,-0.050102073699235916,0.490312784910202,0.24290551245212555,-0.05688774958252907,0.5151087045669556,0.21384704113006592,-0.06155587360262871
realsense,1741301157.725207,1,-0.10285560041666031,0.3098490536212921,4.996762186237902e-07,-0.03626643121242523,0.38820406794548035,-0.013442459516227245,0.03894536942243576,0.42306533455848694,-0.024317122995853424,0.09484779834747314,0.4308227002620697,-0.03851274400949478,0.14457783102989197,0.44980740547180176,-0.053892843425273895,0.09437648952007294,0.32571494579315186,-0.014261990785598755,0.14286381006240845,0.33676591515541077,-0.0488087460398674,0.16140654683113098,0.381874680519104,-0.0763029009103775,0.17035269737243652,0.4291554391384125,-0.09364795684814453,0.07963740080595016,0.27932119369506836,-0.02594812959432602,0.1387227475643158,0.2972838878631592,-0.06084249168634415,0.15253078937530518,0.359125018119812,-0.08379748463630676,0.15378856658935547,0.4188706874847412,-0.09756376594305038,0.04930806905031204,0.24205949902534485,-0.0414019413292408,0.10299444943666458,0.2618679106235504,-0.07923457771539688,0.11012139916419983,0.329841673374176,-0.09511946886777878,0.10396313667297363,0.39244505763053894,-0.10122538357973099,0.006471697241067886,0.21629008650779724,-0.05800139904022217,0.04839876666665077,0.2455708086490631,-0.09069325774908066,0.060741670429706573,0.30633410811424255,-0.10328803956508636,0.06144080311059952,0.3648833930492401,-0.10865216702222824
realsense,1741301157.7671106,0,0.295570969581604,0.44768059253692627,3.3573212476767367e-07,0.26102733612060547,0.3715842068195343,-0.02882772870361805,0.2592909634113312,0.28287917375564575,-0.042396415024995804,0.2665259838104248,0.21173155307769775,-0.053944181650877,0.26405274868011475,0.15282396972179413,-0.06522451341152191,0.3376733064651489,0.2394736111164093,-0.018531320616602898,0.36015942692756653,0.16050271689891815,-0.03965332359075546,0.37827879190444946,0.1121818870306015,-0.05790667608380318,0.39733532071113586,0.07455214858055115,-0.07125632464885712,0.37255969643592834,0.2618524134159088,-0.02056153491139412,0.4065903425216675,0.18585896492004395,-0.03820842504501343,0.4292988181114197,0.13818150758743286,-0.05333638936281204,0.44965556263923645,0.10010270774364471,-0.06445636600255966,0.3971235454082489,0.2974216341972351,-0.027600323781371117,0.4409636855125427,0.22797039151191711,-0.047650713473558426,0.4665606617927551,0.18051475286483765,-0.05953246355056763,0.48963797092437744,0.13853715360164642,-0.06776987016201019,0.41300973296165466,0.34426894783973694,-0.037506140768527985,0.4548271894454956,0.3023868799209595,-0.056123215705156326,0.4817143976688385,0.27188706398010254,-0.06352989375591278,0.5066820979118347,0.24154885113239288,-0.06839986145496368
realsense,1741301157.7671106,1,-0.11600732803344727,0.33828458189964294,3.4385701042083383e-07,-0.05688508599996567,0.3908848762512207,-0.011811851523816586,0.005017660558223724,0.41692087054252625,-0.026061147451400757,0.05135830491781235,0.4240513741970062,-0.04310368746519089,0.09423665702342987,0.44292205572128296,-0.06169811636209488,0.06679444015026093,0.3190823793411255,-0.025531496852636337,0.10104389488697052,0.33078640699386597,-0.05661269277334213,0.11325793713331223,0.3703235387802124,-0.08233192563056946,0.11984197050333023,0.41629135608673096,-0.09942874312400818,0.05151045694947243,0.2716437876224518,-0.03722705319523811,0.08897452056407928,0.28717198967933655,-0.06509235501289368,0.10191717743873596,0.3401072025299072,-0.0848536565899849,0.10212121158838272,0.3968293070793152,-0.09870705008506775,0.018315112218260765,0.2391529083251953,-0.05090960115194321,0.04506126046180725,0.25586414337158203,-0.08087289333343506,0.05300595983862877,0.31282228231430054,-0.09534502774477005,0.05021791160106659,0.369778573513031,-0.10369127988815308,-0.02677338570356369,0.221532940864563,-0.06557031720876694,-0.010075118392705917,0.2507627308368683,-0.09152540564537048,-0.004903625696897507,0.29880717396736145,-0.10065380483865738,-0.007406953722238541,0.3456944227218628,-0.10500259697437286
realsense,1741301157.7682679,0,0.295570969581604,0.44768059253692627,3.3573212476767367e-07,0.26102733612060547,0.3715842068195343,-0.02882772870361805,0.2592909634113312,0.28287917375564575,-0.042396415024995804,0.2665259838104248,0.21173155307769775,-0.053944181650877,0.26405274868011475,0.15282396972179413,-0.06522451341152191,0.3376733064651489,0.2394736111164093,-0.018531320616602898,0.36015942692756653,0.16050271689891815,-0.03965332359075546,0.37827879190444946,0.1121818870306015,-0.05790667608380318,0.39733532071113586,0.07455214858055115,-0.07125632464885712,0.37255969643592834,0.2618524134159088,-0.02056153491139412,0.4065903425216675,0.18585896492004395,-0.03820842504501343,0.4292988181114197,0.13818150758743286,-0.05333638936281204,0.44965556263923645,0.10010270774364471,-0.06445636600255966,0.3971235454082489,0.2974216341972351,-0.027600323781371117,0.4409636855125427,0.22797039151191711,-0.047650713473558426,0.4665606617927551,0.18051475286483765,-0.05953246355056763,0.48963797092437744,0.13853715360164642,-0.06776987016201019,0.41300973296165466,0.34426894783973694,-0.037506140768527985,0.4548271894454956,0.3023868799209595,-0.056123215705156326,0.4817143976688385,0.27188706398010254,-0.06352989375591278,0.5066820979118347,0.24154885113239288,-0.06839986145496368
realsense,1741301157.7682679,1,-0.11600732803344727,0.33828458189964294,3.4385701042083383e-07,-0.05688508599996567,0.3908848762512207,-0.011811851523816586,0.005017660558223724,0.41692087054252625,-0.026061147451400757,0.05135830491781235,0.4240513741970062,-0.04310368746519089,0.09423665702342987,0.44292205572128296,-0.06169811636209488,0.06679444015026093,0.3190823793411255,-0.025531496852636337,0.10104389488697052,0.33078640699386597,-0.05661269277334213,0.11325793713331223,0.3703235387802124,-0.08233192563056946,0.11984197050333023,0.41629135608673096,-0.09942874312400818,0.05151045694947243,0.2716437876224518,-0.03722705319523811,0.08897452056407928,0.28717198967933655,-0.06509235501289368,0.10191717743873596,0.3401072025299072,-0.0848536565899849,0.10212121158838272,0.3968293070793152,-0.09870705008506775,0.018315112218260765,0.2391529083251953,-0.05090960115194321,0.04506126046180725,0.25586414337158203,-0.08087289333343506,0.05300595983862877,0.31282228231430054,-0.09534502774477005,0.05021791160106659,0.369778573513031,-0.10369127988815308,-0.02677338570356369,0.221532940864563,-0.06557031720876694,-0.010075118392705917,0.2507627308368683,-0.09152540564537048,-0.004903625696897507,0.29880717396736145,-0.10065380483865738,-0.007406953722238541,0.3456944227218628,-0.10500259697437286
realsense,1741301157.813916,0,0.289926677942276,0.4674968123435974,2.9939525347799645e-07,0.2560688257217407,0.3899575471878052,-0.024290554225444794,0.2563425898551941,0.3006250560283661,-0.0349293015897274,0.2664963901042938,0.2315818816423416,-0.044095490127801895,0.2651122212409973,0.1746906340122223,-0.053339239209890366,0.3360401690006256,0.2605377435684204,-0.014107458293437958,0.3611704409122467,0.18290720880031586,-0.0322483628988266,0.3804744780063629,0.13635855913162231,-0.048775047063827515,0.4000489413738251,0.0990854948759079,-0.061466604471206665,0.36989644169807434,0.2840764820575714,-0.017513364553451538,0.4054740071296692,0.21103081107139587,-0.03382192179560661,0.4290419816970825,0.16588838398456573,-0.049295999109745026,0.4498445689678192,0.1299767792224884,-0.0609389990568161,0.3933156132698059,0.3197610080242157,-0.0252777561545372,0.436285138130188,0.2511504590511322,-0.04447200894355774,0.4620254635810852,0.2048339545726776,-0.05712807551026344,0.4855128824710846,0.16370725631713867,-0.06616160273551941,0.40884870290756226,0.3658987581729889,-0.0353580005466938,0.4501410722732544,0.32347142696380615,-0.0534234493970871,0.4773392677307129,0.294027715921402,-0.06109464168548584,0.5028887987136841,0.2648715078830719,-0.06638938933610916
realsense,1741301157.813916,1,-0.11212321370840073,0.3291323184967041,3.1441581427316123e-07,-0.06432297080755234,0.37854504585266113,-0.0160695668309927,-0.013011273927986622,0.40750226378440857,-0.029961589723825455,0.0264852587133646,0.42482906579971313,-0.04482755437493324,0.06330607831478119,0.4339340925216675,-0.059382352977991104,0.03217347338795662,0.2914554476737976,-0.018964795395731926,0.06409671902656555,0.31254562735557556,-0.04534769430756569,0.07815587520599365,0.3515048921108246,-0.06787733733654022,0.08387487381696701,0.3883964717388153,-0.08151355385780334,0.01596195250749588,0.25922685861587524,-0.023905126377940178,0.04524192959070206,0.2980874180793762,-0.044622063636779785,0.06124768778681755,0.3441491723060608,-0.06017240881919861,0.06740140914916992,0.38878631591796875,-0.07079870253801346,-0.00793710257858038,0.23996073007583618,-0.031446423381567,0.015350266359746456,0.2794182300567627,-0.0504462793469429,0.03157174959778786,0.3253431022167206,-0.057974673807621,0.040531523525714874,0.3704925775527954,-0.06184738501906395,-0.03797250986099243,0.232045978307724,-0.04100891202688217,-0.022552084177732468,0.2641798257827759,-0.05475842207670212,-0.010795588605105877,0.299010694026947,-0.056379083544015884,-0.004441018216311932,0.3344266414642334,-0.0554816760122776
realsense,1741301157.815264,0,0.289926677942276,0.4674968123435974,2.9939525347799645e-07,0.2560688257217407,0.3899575471878052,-0.024290554225444794,0.2563425898551941,0.3006250560283661,-0.0349293015897274,0.2664963901042938,0.2315818816423416,-0.044095490127801895,0.2651122212409973,0.1746906340122223,-0.053339239209890366,0.3360401690006256,0.2605377435684204,-0.014107458293437958,0.3611704409122467,0.18290720880031586,-0.0322483628988266,0.3804744780063629,0.13635855913162231,-0.048775047063827515,0.4000489413738251,0.0990854948759079,-0.061466604471206665,0.36989644169807434,0.2840764820575714,-0.017513364553451538,0.4054740071296692,0.21103081107139587,-0.03382192179560661,0.4290419816970825,0.16588838398456573,-0.049295999109745026,0.4498445689678192,0.1299767792224884,-0.0609389990568161,0.3933156132698059,0.3197610080242157,-0.0252777561545372,0.436285138130188,0.2511504590511322,-0.04447200894355774,0.4620254635810852,0.2048339545726776,-0.05712807551026344,0.4855128824710846,0.16370725631713867,-0.06616160273551941,0.40884870290756226,0.3658987581729889,-0.0353580005466938,0.4501410722732544,0.32347142696380615,-0.0534234493970871,0.4773392677307129,0.294027715921402,-0.06109464168548584,0.5028887987136841,0.2648715078830719,-0.06638938933610916
realsense,1741301157.815264,1,-0.11212321370840073,0.3291323184967041,3.1441581427316123e-07,-0.06432297080755234,0.37854504585266113,-0.0160695668309927,-0.013011273927986622,0.40750226378440857,-0.029961589723825455,0.0264852587133646,0.42482906579971313,-0.04482755437493324,0.06330607831478119,0.4339340925216675,-0.059382352977991104,0.03217347338795662,0.2914554476737976,-0.018964795395731926,0.06409671902656555,0.31254562735557556,-0.04534769430756569,0.07815587520599365,0.3515048921108246,-0.06787733733654022,0.08387487381696701,0.3883964717388153,-0.08151355385780334,0.01596195250749588,0.25922685861587524,-0.023905126377940178,0.04524192959070206,0.2980874180793762,-0.044622063636779785,0.06124768778681755,0.3441491723060608,-0.06017240881919861,0.06740140914916992,0.38878631591796875,-0.07079870253801346,-0.00793710257858038,0.23996073007583618,-0.031446423381567,0.015350266359746456,0.2794182300567627,-0.0504462793469429,0.03157174959778786,0.3253431022167206,-0.057974673807621,0.040531523525714874,0.3704925775527954,-0.06184738501906395,-0.03797250986099243,0.232045978307724,-0.04100891202688217,-0.022552084177732468,0.2641798257827759,-0.05475842207670212,-0.010795588605105877,0.299010694026947,-0.056379083544015884,-0.004441018216311932,0.3344266414642334,-0.0554816760122776
realsense,1741301157.8627863,0,0.28483086824417114,0.49022379517555237,2.4132268094945175e-07,0.25035786628723145,0.4091816842556,-0.020635930821299553,0.2535068988800049,0.3201878070831299,-0.028202461078763008,0.26614001393318176,0.2522757351398468,-0.03516301512718201,0.264977365732193,0.19731083512306213,-0.0421755313873291,0.3330203592777252,0.2866412103176117,-0.004628938622772694,0.35833317041397095,0.2132527232170105,-0.019999342039227486,0.37789586186408997,0.16964879631996155,-0.035576216876506805,0.3970429301261902,0.13450580835342407,-0.04790053144097328,0.36643439531326294,0.3088069558143616,-0.008699443191289902,0.4002845585346222,0.23669913411140442,-0.02287130057811737,0.4210924804210663,0.19148272275924683,-0.037948042154312134,0.4387466609477997,0.15560005605220795,-0.04922313615679741,0.3902008533477783,0.3435382843017578,-0.017160531133413315,0.4328956604003906,0.2737816870212555,-0.03484031930565834,0.4576505720615387,0.22756561636924744,-0.04703562706708908,0.4800264537334442,0.18709364533424377,-0.05556044727563858,0.40631917119026184,0.3898999094963074,-0.027717312797904015,0.4470195770263672,0.3485903739929199,-0.04439142346382141,0.47300344705581665,0.3182380795478821,-0.051460158079862595,0.49705564975738525,0.2880822420120239,-0.056240782141685486
realsense,1741301157.9173527,0,0.26996493339538574,0.5417932271957397,2.1983170483963477e-07,0.23775851726531982,0.46437615156173706,-0.019799185916781425,0.24463295936584473,0.3735387921333313,-0.026341501623392105,0.2601107656955719,0.30484694242477417,-0.03251923993229866,0.2603430449962616,0.25013330578804016,-0.03848858177661896,0.3241696357727051,0.3464299738407135,-0.005436976905912161,0.3534424602985382,0.27186888456344604,-0.02033747360110283,0.3753926455974579,0.22884458303451538,-0.034305211156606674,0.39643603563308716,0.1960940957069397,-0.04457715526223183,0.3585902452468872,0.3689170479774475,-0.00905541144311428,0.3988776206970215,0.2919556796550751,-0.021184993907809258,0.42390868067741394,0.24610194563865662,-0.03427737206220627,0.4449697434902191,0.21121957898139954,-0.043771833181381226,0.38297784328460693,0.40224015712738037,-0.01674940250813961,0.4277690052986145,0.3306960165500641,-0.03200351819396019,0.45198994874954224,0.28457629680633545,-0.042645979672670364,0.4728395938873291,0.24663759768009186,-0.049714405089616776,0.39864563941955566,0.4450054466724396,-0.026686908677220345,0.4418403208255768,0.4037049114704132,-0.04097979515790939,0.4689188599586487,0.37428638339042664,-0.047070205211639404,0.49262475967407227,0.347553551197052,-0.050907570868730545
realsense,1741301157.9582982,0,0.26793569326400757,0.5697686672210693,2.243608605567715e-07,0.2305745780467987,0.493536114692688,-0.01700773648917675,0.23799139261245728,0.4039921462535858,-0.020766060799360275,0.2584858536720276,0.33724868297576904,-0.024512363597750664,0.25941747426986694,0.28240329027175903,-0.027908695861697197,0.32449930906295776,0.37069371342658997,0.003352636471390724,0.3569119870662689,0.300489604473114,-0.005967318080365658,0.3801997900009155,0.26180005073547363,-0.01728787086904049,0.40233033895492554,0.2330649346113205,-0.02654622308909893,0.35705500841140747,0.39483124017715454,-0.0005207400536164641,0.3960341513156891,0.3196290135383606,-0.007551047019660473,0.42066702246665955,0.2766773998737335,-0.01828630082309246,0.4407077729701996,0.24619437754154205,-0.02696227841079235,0.3800264596939087,0.4293832778930664,-0.00868266448378563,0.4247239828109741,0.3582625985145569,-0.020497435703873634,0.44869309663772583,0.3132427930831909,-0.029989594593644142,0.46924126148223877,0.27665311098098755,-0.037210091948509216,0.39647018909454346,0.4753645658493042,-0.01896527409553528,0.4398062527179718,0.43468722701072693,-0.031027620658278465,0.46577009558677673,0.4054548442363739,-0.036532387137413025,0.48908430337905884,0.37714147567749023,-0.040672313421964645
realsense,1741301158.0078182,0,0.23469063639640808,0.6337829232215881,2.3577830177146097e-07,0.20620694756507874,0.5572086572647095,-0.018237797543406487,0.22323676943778992,0.46462109684944153,-0.022354731336236,0.2460879683494568,0.40330857038497925,-0.026091011241078377,0.25309187173843384,0.3512001037597656,-0.029166804626584053,0.3115279972553253,0.4336335361003876,-0.00092839210992679,0.35319262742996216,0.36585530638694763,-0.0116379139944911,0.37941116094589233,0.32854294776916504,-0.02340186946094036,0.40197575092315674,0.29936015605926514,-0.03231293708086014,0.34231996536254883,0.4624987244606018,-0.004744569770991802,0.3905852735042572,0.385875940322876,-0.012362941168248653,0.4194124937057495,0.34007543325424194,-0.022719766944646835,0.44085508584976196,0.3060498833656311,-0.030608292669057846,0.36117613315582275,0.5006523728370667,-0.012759581208229065,0.41103270649909973,0.42797261476516724,-0.023888111114501953,0.43630215525627136,0.38039150834083557,-0.03241919353604317,0.45682579278945923,0.34424230456352234,-0.03851388394832611,0.3736768960952759,0.5492037534713745,-0.023263467475771904,0.42116525769233704,0.5012778639793396,-0.03504054620862007,0.4492464065551758,0.4659472107887268,-0.04020131751894951,0.4735543429851532,0.4344177842140198,-0.043647825717926025
realsense,1741301158.0515952,0,0.22513964772224426,0.6777245998382568,2.050371961104247e-07,0.19625574350357056,0.5933972001075745,-0.017437471076846123,0.21220552921295166,0.49915850162506104,-0.021366655826568604,0.23826077580451965,0.4361160397529602,-0.025912828743457794,0.24701999127864838,0.38308262825012207,-0.029817232862114906,0.3009999692440033,0.46743109822273254,0.005399959161877632,0.34156879782676697,0.3998076319694519,-0.007042328827083111,0.3696329891681671,0.36337119340896606,-0.021114839240908623,0.39510098099708557,0.33660173416137695,-0.03170882165431976,0.33273497223854065,0.49117541313171387,0.0011957043316215277,0.3782466948032379,0.41647011041641235,-0.008906303904950619,0.4072468876838684,0.3736076354980469,-0.021295540034770966,0.4321683943271637,0.3431054353713989,-0.030199598520994186,0.35473623871803284,0.5254981517791748,-0.007819907739758492,0.40204498171806335,0.4524993598461151,-0.020266152918338776,0.4272984266281128,0.40801334381103516,-0.029605261981487274,0.4495365619659424,0.3741413354873657,-0.03585011884570122,0.3699735999107361,0.5721824169158936,-0.01953008770942688,0.41510194540023804,0.5250781774520874,-0.03034125082194805,0.44081994891166687,0.4922131299972534,-0.03509281203150749,0.4637784957885742,0.4623509645462036,-0.03820374980568886
realsense,1741301158.0995305,0,0.203677237033844,0.7148782014846802,2.6412612896820065e-07,0.17827706038951874,0.6199595928192139,-0.011930505745112896,0.2008286714553833,0.5270943641662598,-0.012096316553652287,0.23035785555839539,0.4669094383716583,-0.014593015424907207,0.24182502925395966,0.411929190158844,-0.016878370195627213,0.2925334572792053,0.4951038658618927,0.02111901342868805,0.3352802097797394,0.42853471636772156,0.01233977172523737,0.3647354543209076,0.3926074504852295,-0.0013926498359069228,0.3916518986225128,0.3660704493522644,-0.012279833666980267,0.32394176721572876,0.5225043296813965,0.012972945347428322,0.37195757031440735,0.44762617349624634,0.006872732657939196,0.4031478762626648,0.40433329343795776,-0.006147712003439665,0.4297425150871277,0.3719109296798706,-0.0161675363779068,0.3434441387653351,0.5590966939926147,-0.0005789261776953936,0.3922421336174011,0.48632344603538513,-0.009480534121394157,0.4198179841041565,0.4397740364074707,-0.018471496179699898,0.4448053240776062,0.403897225856781,-0.02560224011540413,0.355508416891098,0.6076057553291321,-0.016989147290587425,0.40050435066223145,0.5546097755432129,-0.025502702221274376,0.427604079246521,0.5193853378295898,-0.029217815026640892,0.4533417820930481,0.4873446226119995,-0.03238789364695549
realsense,1741301158.146968,0,0.16076982021331787,0.7694747447967529,2.9790470534862834e-07,0.13962727785110474,0.6702852249145508,-0.0120664918795228,0.16978110373020172,0.574193000793457,-0.013000700622797012,0.20650166273117065,0.513690710067749,-0.017332544550299644,0.22206249833106995,0.4540255069732666,-0.020775362849235535,0.27358004450798035,0.5380659103393555,0.03469592705368996,0.32222041487693787,0.47913262248039246,0.031525883823633194,0.35347235202789307,0.4494470953941345,0.019260941073298454,0.38006579875946045,0.4293631315231323,0.008607398718595505,0.3040808141231537,0.5672491788864136,0.02589000016450882,0.3558892011642456,0.4959576427936554,0.026399213820695877,0.38819172978401184,0.4580548107624054,0.01532017719000578,0.41537806391716003,0.43144333362579346,0.006127156782895327,0.3216433525085449,0.6047279834747314,0.010907263495028019,0.37553566694259644,0.534436821937561,0.00785096362233162,0.4070327579975128,0.49214640259742737,0.0034198309294879436,0.4348781108856201,0.4606741666793823,-0.0013451413251459599,0.3306562304496765,0.6555455327033997,-0.007717500440776348,0.38009342551231384,0.5994482636451721,-0.010365490801632404,0.4088665544986725,0.5670251250267029,-0.008275464177131653,0.43517959117889404,0.5386412143707275,-0.007742729969322681
realsense,1741301158.1890101,0,0.13874061405658722,0.8029356598854065,2.97881967981084e-07,0.11711715161800385,0.6974177956581116,-0.0030118373688310385,0.15036225318908691,0.598006010055542,-0.0003809984482359141,0.19075986742973328,0.5374759435653687,-0.0033143835607916117,0.21073022484779358,0.47386330366134644,-0.006074844393879175,0.2615504562854767,0.5602357983589172,0.043315961956977844,0.31597161293029785,0.500762403011322,0.04102472960948944,0.3517118990421295,0.4728195369243622,0.028873980045318604,0.3836175799369812,0.4537125825881958,0.017703283578157425,0.29126229882240295,0.5935834646224976,0.02794746123254299,0.348398357629776,0.5204892158508301,0.028564415872097015,0.3852092921733856,0.4840291738510132,0.01672590896487236,0.4157712459564209,0.4596567749977112,0.0064498502761125565,0.30667656660079956,0.6344398856163025,0.006554869003593922,0.3629343509674072,0.5641943216323853,0.002871564356610179,0.3983137607574463,0.520473301410675,-0.003382342401891947,0.43048882484436035,0.4862903952598572,-0.010505176149308681,0.3130914866924286,0.6890875697135925,-0.017829494550824165,0.3629472255706787,0.633700966835022,-0.02246285043656826,0.3934742212295532,0.6000963449478149,-0.022783899679780006,0.4224628806114197,0.5684609413146973,-0.024798916652798653
realsense,1741301158.2401457,0,0.08456878364086151,0.8518545627593994,3.4442641094756254e-07,0.07421506941318512,0.7381647229194641,0.005098265130072832,0.11952164769172668,0.638205885887146,0.007108510471880436,0.1660332828760147,0.5794569253921509,-0.0001486359687987715,0.19105742871761322,0.5101328492164612,-0.009425715543329716,0.23849251866340637,0.605390191078186,0.04802635684609413,0.30225226283073425,0.5502145290374756,0.0440044105052948,0.3441227674484253,0.5215702056884766,0.0298991147428751,0.37991219758987427,0.5013763904571533,0.016101840883493423,0.2660079300403595,0.6460627913475037,0.021628813818097115,0.3365575075149536,0.5769779682159424,0.01924321800470352,0.3837123513221741,0.5391833782196045,0.0018256653565913439,0.42066970467567444,0.5107733011245728,-0.013154909014701843,0.27654990553855896,0.6933323740959167,-0.010407796129584312,0.34395936131477356,0.6223852038383484,-0.01913508214056492,0.38622021675109863,0.5766763687133789,-0.031247274950146675,0.4220768213272095,0.539498507976532,-0.04271051287651062,0.2730763554573059,0.7519102096557617,-0.044765423983335495,0.33165332674980164,0.6914666295051575,-0.05641762912273407,0.3703218698501587,0.6519397497177124,-0.06231246516108513,0.40551507472991943,0.6160486340522766,-0.06863288581371307
realsense,1741301158.2842338,0,0.057768285274505615,0.890250563621521,2.9260792189234053e-07,0.05135476589202881,0.763623058795929,0.007807277608662844,0.1021229550242424,0.6613341569900513,0.015008020214736462,0.15361323952674866,0.6047576665878296,0.012999419122934341,0.18546515703201294,0.535936713218689,0.011096249334514141,0.22496172785758972,0.628885805606842,0.06690943986177444,0.290571004152298,0.5706401467323303,0.0702977403998375,0.33051377534866333,0.5440011024475098,0.06025157868862152,0.36546528339385986,0.5255056023597717,0.04964548349380493,0.25371572375297546,0.6718249320983887,0.042361870408058167,0.3241303265094757,0.602776288986206,0.04805373027920723,0.3665838837623596,0.5681503415107727,0.03668228164315224,0.4003645181655884,0.5423173308372498,0.026333078742027283,0.26602235436439514,0.7207586169242859,0.01106778159737587,0.3353206217288971,0.6526476740837097,0.009473603218793869,0.37566739320755005,0.6110277771949768,0.004706583451479673,0.41101574897766113,0.5777046084403992,-0.0014581236755475402,0.2663576006889343,0.7819768190383911,-0.02305976115167141,0.3320019841194153,0.7250117659568787,-0.028418149799108505,0.3723856210708618,0.6893006563186646,-0.028305407613515854,0.4110069274902344,0.6567625999450684,-0.02969147451221943
realsense,1741301158.3472998,0,0.05548514425754547,0.8657397031784058,7.57424572839227e-07,0.04408036172389984,0.7574808597564697,0.007490243762731552,0.0969671830534935,0.6752614378929138,0.005096361972391605,0.14829684793949127,0.6248447299003601,-0.006456229370087385,0.18320602178573608,0.5548155903816223,-0.019579729065299034,0.20913580060005188,0.6527950167655945,0.056649547070264816,0.2739936113357544,0.6124407649040222,0.05984111502766609,0.3229677677154541,0.5825694799423218,0.04987061023712158,0.3615020513534546,0.565400242805481,0.03878926485776901,0.2371642142534256,0.6954784393310547,0.031158829107880592,0.3062630295753479,0.6406251788139343,0.03631703555583954,0.3573538064956665,0.6038497686386108,0.02325400337576866,0.40036681294441223,0.5769727230072021,0.011748820543289185,0.25076431035995483,0.7404703497886658,0.0007884095539338887,0.32210293412208557,0.6795210242271423,0.0007144040428102016,0.3723679780960083,0.6399210691452026,-0.003939006477594376,0.4145306348800659,0.6088626980781555,-0.01091791782528162,0.2522951066493988,0.8030444383621216,-0.03188570588827133,0.3182520568370819,0.75213223695755,-0.03494914993643761,0.36306649446487427,0.7212629914283752,-0.03350740298628807,0.4016518294811249,0.6917290091514587,-0.03463699296116829
realsense,1741301158.3472998,1,0.03015325963497162,0.9010248184204102,3.8912122590772924e-07,0.032233238220214844,0.7779554128646851,-0.00017877302889246494,0.09229334443807602,0.6808180809020996,0.0011346248211339116,0.14725124835968018,0.6256772875785828,-0.004392236936837435,0.18137799203395844,0.5599243640899658,-0.010333302430808544,0.21708711981773376,0.6506512761116028,0.038499895483255386,0.29503947496414185,0.5971471071243286,0.029786091297864914,0.34178614616394043,0.5720409154891968,0.013396017253398895,0.3846602141857147,0.5557070970535278,-0.0016599600203335285,0.24162331223487854,0.6927880644798279,0.01617974415421486,0.3258519172668457,0.6253353953361511,0.008557225577533245,0.3784029483795166,0.5897715091705322,-0.011070501059293747,0.42249494791030884,0.5638257265090942,-0.02695704624056816,0.24762466549873352,0.7453291416168213,-0.011651083827018738,0.33178573846817017,0.6742900609970093,-0.02467723749577999,0.38120460510253906,0.6318936944007874,-0.03890520706772804,0.42746442556381226,0.5943481922149658,-0.05138595402240753,0.24152451753616333,0.814975380897522,-0.041582655161619186,0.3135705888271332,0.7634854912757874,-0.05675503611564636,0.35788285732269287,0.7300857305526733,-0.06370052695274353,0.40015485882759094,0.6975611448287964,-0.07006656378507614
realsense,1741301158.3472998,0,0.05548514425754547,0.8657397031784058,7.57424572839227e-07,0.04408036172389984,0.7574808597564697,0.007490243762731552,0.0969671830534935,0.6752614378929138,0.005096361972391605,0.14829684793949127,0.6248447299003601,-0.006456229370087385,0.18320602178573608,0.5548155903816223,-0.019579729065299034,0.20913580060005188,0.6527950167655945,0.056649547070264816,0.2739936113357544,0.6124407649040222,0.05984111502766609,0.3229677677154541,0.5825694799423218,0.04987061023712158,0.3615020513534546,0.565400242805481,0.03878926485776901,0.2371642142534256,0.6954784393310547,0.031158829107880592,0.3062630295753479,0.6406251788139343,0.03631703555583954,0.3573538064956665,0.6038497686386108,0.02325400337576866,0.40036681294441223,0.5769727230072021,0.011748820543289185,0.25076431035995483,0.7404703497886658,0.0007884095539338887,0.32210293412208557,0.6795210242271423,0.0007144040428102016,0.3723679780960083,0.6399210691452026,-0.003939006477594376,0.4145306348800659,0.6088626980781555,-0.01091791782528162,0.2522951066493988,0.8030444383621216,-0.03188570588827133,0.3182520568370819,0.75213223695755,-0.03494914993643761,0.36306649446487427,0.7212629914283752,-0.03350740298628807,0.4016518294811249,0.6917290091514587,-0.03463699296116829
realsense,1741301158.3472998,1,0.03015325963497162,0.9010248184204102,3.8912122590772924e-07,0.032233238220214844,0.7779554128646851,-0.00017877302889246494,0.09229334443807602,0.6808180809020996,0.0011346248211339116,0.14725124835968018,0.6256772875785828,-0.004392236936837435,0.18137799203395844,0.5599243640899658,-0.010333302430808544,0.21708711981773376,0.6506512761116028,0.038499895483255386,0.29503947496414185,0.5971471071243286,0.029786091297864914,0.34178614616394043,0.5720409154891968,0.013396017253398895,0.3846602141857147,0.5557070970535278,-0.0016599600203335285,0.24162331223487854,0.6927880644798279,0.01617974415421486,0.3258519172668457,0.6253353953361511,0.008557225577533245,0.3784029483795166,0.5897715091705322,-0.011070501059293747,0.42249494791030884,0.5638257265090942,-0.02695704624056816,0.24762466549873352,0.7453291416168213,-0.011651083827018738,0.33178573846817017,0.6742900609970093,-0.02467723749577999,0.38120460510253906,0.6318936944007874,-0.03890520706772804,0.42746442556381226,0.5943481922149658,-0.05138595402240753,0.24152451753616333,0.814975380897522,-0.041582655161619186,0.3135705888271332,0.7634854912757874,-0.05675503611564636,0.35788285732269287,0.7300857305526733,-0.06370052695274353,0.40015485882759094,0.6975611448287964,-0.07006656378507614
realsense,1741301158.3776984,0,0.0014159232378005981,0.9394603371620178,3.534445909281203e-07,0.01005794107913971,0.8114864826202393,-0.011833424679934978,0.06966125965118408,0.7159303426742554,-0.017306828871369362,0.1282901018857956,0.6619259715080261,-0.026144742965698242,0.1718360036611557,0.6004180312156677,-0.033959273248910904,0.20102515816688538,0.6926342248916626,0.021514277905225754,0.2812131941318512,0.644993245601654,0.00809542741626501,0.329823762178421,0.6211315393447876,-0.011199424043297768,0.37323901057243347,0.6052507162094116,-0.0270292479544878,0.22267283499240875,0.7389963865280151,0.0072824349626898766,0.3109157979488373,0.6760620474815369,-0.00253655924461782,0.36465662717819214,0.641350269317627,-0.020854275673627853,0.40863728523254395,0.6170801520347595,-0.03517994284629822,0.2265450656414032,0.7965474128723145,-0.01251300796866417,0.3154141306877136,0.7314654588699341,-0.025119544938206673,0.36634787917137146,0.6914324164390564,-0.03617324307560921,0.41252589225769043,0.6557631492614746,-0.045661624521017075,0.21674376726150513,0.871021032333374,-0.03519292175769806,0.2945827841758728,0.8325373530387878,-0.047796834260225296,0.3410084843635559,0.8051698803901672,-0.05114187300205231,0.3835965394973755,0.7780778408050537,-0.053904950618743896
realsense,1741301158.4365983,0,0.06917925179004669,0.9238713383674622,8.836538540890615e-07,0.05078747868537903,0.8215832114219666,-0.027814745903015137,0.08208053559064865,0.7363858222961426,-0.04773525521159172,0.12976446747779846,0.6780205965042114,-0.06490256637334824,0.16419023275375366,0.6184720993041992,-0.08027972280979156,0.18693262338638306,0.7016221284866333,-0.021620232611894608,0.2719780206680298,0.6632672548294067,-0.03798138350248337,0.3284863233566284,0.6466093063354492,-0.052749596536159515,0.37104618549346924,0.6388423442840576,-0.062815360724926,0.2106541246175766,0.7437538504600525,-0.022681917995214462,0.2991762161254883,0.6989225149154663,-0.03530723229050636,0.3596017360687256,0.6736737489700317,-0.04919765889644623,0.4067991375923157,0.6581993699073792,-0.058442674577236176,0.22506509721279144,0.8011342287063599,-0.026908816769719124,0.3089413046836853,0.7475669980049133,-0.039892882108688354,0.3650469481945038,0.7163387537002563,-0.051235925406217575,0.41055765748023987,0.6930348873138428,-0.05927995219826698,0.23058238625526428,0.8747394680976868,-0.033601388335227966,0.30051612854003906,0.8415114283561707,-0.0462479442358017,0.3452172875404358,0.820486307144165,-0.05156460404396057,0.38367825746536255,0.8025198578834534,-0.0537119135260582
realsense,1741301158.4365983,1,-0.007437989115715027,0.9471390843391418,4.455821454030229e-07,0.0014548003673553467,0.8328420519828796,-0.02145097404718399,0.05924568325281143,0.7398354411125183,-0.03468814864754677,0.11741603165864944,0.6847277283668518,-0.049111735075712204,0.15932533144950867,0.6215037107467651,-0.062212985008955,0.19118732213974,0.7179256677627563,-0.0016237880336120725,0.2796296179294586,0.6655827164649963,-0.024652311578392982,0.3320329785346985,0.6451634168624878,-0.047573573887348175,0.37851768732070923,0.6356479525566101,-0.0643676221370697,0.21207065880298615,0.7682912945747375,-0.012157884426414967,0.3065280616283417,0.7042953968048096,-0.030075164511799812,0.36167991161346436,0.6747502684593201,-0.05066841468214989,0.40815648436546326,0.6564040780067444,-0.06610836833715439,0.21654081344604492,0.8260669708251953,-0.027956027537584305,0.3083006739616394,0.7630783319473267,-0.04488544166088104,0.36181843280792236,0.7273219227790833,-0.0559258796274662,0.41072264313697815,0.6973166465759277,-0.06513472646474838,0.2074495255947113,0.8990248441696167,-0.04713977128267288,0.28358566761016846,0.8597524166107178,-0.06163697689771652,0.33107495307922363,0.8338665962219238,-0.06509009748697281,0.3736140727996826,0.8092290759086609,-0.06770116835832596
realsense,1741301158.4365983,0,0.06917925179004669,0.9238713383674622,8.836538540890615e-07,0.05078747868537903,0.8215832114219666,-0.027814745903015137,0.08208053559064865,0.7363858222961426,-0.04773525521159172,0.12976446747779846,0.6780205965042114,-0.06490256637334824,0.16419023275375366,0.6184720993041992,-0.08027972280979156,0.18693262338638306,0.7016221284866333,-0.021620232611894608,0.2719780206680298,0.6632672548294067,-0.03798138350248337,0.3284863233566284,0.6466093063354492,-0.052749596536159515,0.37104618549346924,0.6388423442840576,-0.062815360724926,0.2106541246175766,0.7437538504600525,-0.022681917995214462,0.2991762161254883,0.6989225149154663,-0.03530723229050636,0.3596017360687256,0.6736737489700317,-0.04919765889644623,0.4067991375923157,0.6581993699073792,-0.058442674577236176,0.22506509721279144,0.8011342287063599,-0.026908816769719124,0.3089413046836853,0.7475669980049133,-0.039892882108688354,0.3650469481945038,0.7163387537002563,-0.051235925406217575,0.41055765748023987,0.6930348873138428,-0.05927995219826698,0.23058238625526428,0.8747394680976868,-0.033601388335227966,0.30051612854003906,0.8415114283561707,-0.0462479442358017,0.3452172875404358,0.820486307144165,-0.05156460404396057,0.38367825746536255,0.8025198578834534,-0.0537119135260582
realsense,1741301158.4365983,1,-0.007437989115715027,0.9471390843391418,4.455821454030229e-07,0.0014548003673553467,0.8328420519828796,-0.02145097404718399,0.05924568325281143,0.7398354411125183,-0.03468814864754677,0.11741603165864944,0.6847277283668518,-0.049111735075712204,0.15932533144950867,0.6215037107467651,-0.062212985008955,0.19118732213974,0.7179256677627563,-0.0016237880336120725,0.2796296179294586,0.6655827164649963,-0.024652311578392982,0.3320329785346985,0.6451634168624878,-0.047573573887348175,0.37851768732070923,0.6356479525566101,-0.0643676221370697,0.21207065880298615,0.7682912945747375,-0.012157884426414967,0.3065280616283417,0.7042953968048096,-0.030075164511799812,0.36167991161346436,0.6747502684593201,-0.05066841468214989,0.40815648436546326,0.6564040780067444,-0.06610836833715439,0.21654081344604492,0.8260669708251953,-0.027956027537584305,0.3083006739616394,0.7630783319473267,-0.04488544166088104,0.36181843280792236,0.7273219227790833,-0.0559258796274662,0.41072264313697815,0.6973166465759277,-0.06513472646474838,0.2074495255947113,0.8990248441696167,-0.04713977128267288,0.28358566761016846,0.8597524166107178,-0.06163697689771652,0.33107495307922363,0.8338665962219238,-0.06509009748697281,0.3736140727996826,0.8092290759086609,-0.06770116835832596
realsense,1741301158.471583,0,-0.003905564546585083,1.008121132850647,4.88186060465523e-07,-0.00542740523815155,0.880427896976471,-0.01956005021929741,0.03843030333518982,0.7790986895561218,-0.03265143558382988,0.09966881573200226,0.7109444737434387,-0.044656913727521896,0.14928898215293884,0.6483848094940186,-0.05459922179579735,0.17176027595996857,0.7625301480293274,-0.00469093956053257,0.2665982246398926,0.715934157371521,-0.017438353970646858,0.32419276237487793,0.6971670985221863,-0.031636420637369156,0.371673047542572,0.6859042644500732,-0.04166560247540474,0.19330152869224548,0.8206063508987427,-0.009307238273322582,0.29158124327659607,0.760019063949585,-0.016313519328832626,0.35164350271224976,0.7273931503295898,-0.028557825833559036,0.4001113176345825,0.7064514756202698,-0.037962138652801514,0.19773852825164795,0.8842925429344177,-0.017318284139037132,0.2898605167865753,0.8213782906532288,-0.02535400539636612,0.34847313165664673,0.7842170596122742,-0.03266381472349167,0.3988557755947113,0.7565616369247437,-0.03880266845226288,0.1913200467824936,0.9578179717063904,-0.027755197137594223,0.2697213590145111,0.9227556586265564,-0.03520679101347923,0.31956058740615845,0.9024195671081543,-0.03536200150847435,0.36474698781967163,0.8870458006858826,-0.03436196967959404
realsense,1741301158.5281317,0,-0.0153827965259552,1.002882480621338,5.674743874806154e-07,-0.008715301752090454,0.885398805141449,-0.01663077622652054,0.037936605513095856,0.7932405471801758,-0.030166728422045708,0.09451161324977875,0.7301157712936401,-0.042166415601968765,0.1396091878414154,0.6711814999580383,-0.05225799232721329,0.16441310942173004,0.791976273059845,-0.01638619601726532,0.26134106516838074,0.7511174082756042,-0.03225960209965706,0.32042062282562256,0.7368162274360657,-0.04597926884889603,0.3680051863193512,0.7318083643913269,-0.054797567427158356,0.18440823256969452,0.850368082523346,-0.022421572357416153,0.28352323174476624,0.7943048477172852,-0.03218671679496765,0.3454643487930298,0.7680824995040894,-0.04218055307865143,0.39417731761932373,0.7548335790634155,-0.049713004380464554,0.1879442036151886,0.9120875597000122,-0.030710812658071518,0.28307920694351196,0.8560926914215088,-0.040302958339452744,0.3425692915916443,0.8255379796028137,-0.0459529384970665,0.39104393124580383,0.8047051429748535,-0.05078770965337753,0.1806471347808838,0.9812688827514648,-0.040837839245796204,0.2573900818824768,0.9564642906188965,-0.048565492033958435,0.3072662353515625,0.942348301410675,-0.048114243894815445,0.34933769702911377,0.9318271279335022,-0.04652868211269379
realsense,1741301158.5857818,0,-0.0373072475194931,1.0299043655395508,5.422833169177466e-07,-0.021485909819602966,0.9303197860717773,-0.029954055324196815,0.021609187126159668,0.8372206687927246,-0.05507642403244972,0.06847041845321655,0.7750923037528992,-0.07695212960243225,0.11721264570951462,0.72392737865448,-0.0978178009390831,0.138580784201622,0.8620784282684326,-0.04872770980000496,0.2439371943473816,0.8162424564361572,-0.07825245708227158,0.3062525987625122,0.7984319925308228,-0.09827490895986557,0.35743850469589233,0.7896506786346436,-0.10937000066041946,0.15097752213478088,0.9208190441131592,-0.05202258378267288,0.26136675477027893,0.8678393363952637,-0.07429616153240204,0.3331393003463745,0.8367809653282166,-0.08931732177734375,0.39132755994796753,0.8160730600357056,-0.09932515025138855,0.1516491323709488,0.9790052771568298,-0.05757596343755722,0.2549230456352234,0.9287624955177307,-0.07609139382839203,0.32362842559814453,0.893867552280426,-0.08558095246553421,0.3769281506538391,0.8676585555076599,-0.09127318859100342,0.1443890631198883,1.0355558395385742,-0.0655851736664772,0.22563877701759338,0.9989180564880371,-0.08170179277658463,0.2803262174129486,0.9714290499687195,-0.08471205830574036,0.3227558135986328,0.9493861794471741,-0.08438041806221008
realsense,1741301158.627034,0,-0.0360531210899353,1.0640742778778076,6.597967967536533e-07,-0.0242033451795578,0.9715573787689209,-0.04021133854985237,0.014068841934204102,0.8714670538902283,-0.06918471306562424,0.05684708058834076,0.7981167435646057,-0.09281470626592636,0.10910707712173462,0.7462522387504578,-0.11472563445568085,0.12500031292438507,0.8926697373390198,-0.05690953508019447,0.23213879764080048,0.8461563587188721,-0.08967141807079315,0.29788172245025635,0.8301889896392822,-0.11089906096458435,0.35049307346343994,0.8230594396591187,-0.12255709618330002,0.13634848594665527,0.9472423791885376,-0.055098071694374084,0.2505291700363159,0.8999296426773071,-0.08202475309371948,0.3261890113353729,0.8719109296798706,-0.09978894889354706,0.3891025185585022,0.8518886566162109,-0.11108531802892685,0.13851161301136017,1.0046111345291138,-0.05653047561645508,0.2411259114742279,0.9624332189559937,-0.07890795171260834,0.31592828035354614,0.9314217567443848,-0.09243372082710266,0.3761805295944214,0.9071625471115112,-0.10031837224960327,0.13493488729000092,1.0609025955200195,-0.06102226302027702,0.21712779998779297,1.0259602069854736,-0.08038096129894257,0.27597495913505554,1.000816822052002,-0.08780185878276825,0.32525306940078735,0.9792212247848511,-0.09066116809844971
